Handle,Title,Body (HTML),Vendor,Type,Tags,Published,Option1 Name,Option1 Value,Option2 Name,Option2 Value,Variant SKU,Variant Grams,Variant Inventory Tracker,Variant Inventory Policy,Variant Fulfillment Service,Variant Price,Variant Requires Shipping,Variant Taxable,Gift Card,SEO Title,SEO Description,Status
chronoshield,ChronoShield+,"<p>Whole-watch coverage for a piece that lives on the wrist. Case, bezel, full bracelet, and clasp. Every link is cut individually, so the bracelet keeps its articulation and the film disappears into the brushing.</p>",ChronoProtect+,Protective film,"kit,chronoshield",FALSE,Finish,Gloss,Bracelet,Oyster,CPS-GLOSS-OYS,40,,continue,manual,0.00,TRUE,TRUE,FALSE,ChronoShield+ — whole-watch protective film,"Case, bezel, bracelet and clasp coverage, cut to a single reference.",draft
chronoshield,,,,,,,,Gloss,,Jubilee,CPS-GLOSS-JUB,40,,continue,manual,0.00,TRUE,TRUE,FALSE,,,draft
chronoshield,,,,,,,,Gloss,,President,CPS-GLOSS-PRE,40,,continue,manual,0.00,TRUE,TRUE,FALSE,,,draft
chronoshield,,,,,,,,Stealth,,Oyster,CPS-STEALTH-OYS,40,,continue,manual,0.00,TRUE,TRUE,FALSE,,,draft
chronoshield,,,,,,,,Stealth,,Jubilee,CPS-STEALTH-JUB,40,,continue,manual,0.00,TRUE,TRUE,FALSE,,,draft
chronoshield,,,,,,,,Stealth,,President,CPS-STEALTH-PRE,40,,continue,manual,0.00,TRUE,TRUE,FALSE,,,draft
chronoguard,ChronoGuard+,"<p>The two surfaces that take the brunt of daily wear, protected without touching the bracelet. Case and clasp only. A shorter application and a lighter footprint on the watch.</p>",ChronoProtect+,Protective film,"kit,chronoguard",FALSE,Finish,Gloss,,,CPG-GLOSS,25,,continue,manual,0.00,TRUE,TRUE,FALSE,ChronoGuard+ — case and clasp protective film,Case and clasp coverage with the bracelet left bare.,draft
chronoguard,,,,,,,,Stealth,,,CPG-STEALTH,25,,continue,manual,0.00,TRUE,TRUE,FALSE,,,draft
professional-installation,Professional Installation,<p>A ChronoProtect+ studio partner fits your kit for you. Added as its own line so it can be priced and fulfilled separately. The studio contacts you to arrange drop-off once the order is placed.</p>,ChronoProtect+,Service,service,FALSE,,,,,CP-INSTALL,0,,continue,manual,0.00,FALSE,TRUE,FALSE,Studio installation,Have a ChronoProtect+ studio partner fit your kit.,draft
